,0
0,
1,
2,
3,
4,
5,
6,
7,
8,
9,
10,
11,
12,
13,
14,
15,
16,
17,
18,
19,
20,
21,
22,
23,
24,
25,
26,Stress response of the bone
27,Bruised Foot
28,
29,
30,
31,
32,
33,
34,
35,
36,
37,
38,Hamstring contusion
39,
40,
41,
42,
43,
44,
45,
46,
47,torn tendon
48,
49,Arm Injury
50,Pneumonia
51,Ankle fracture
52,Hip problems
53,Cyst on the paw
54,Hairline crack in calfbone
55,Muscle fiber tear
56,Torn Ankle Ligament
57,Corona virus
58,Fracture-dislocation of the ankle
59,
60,
61,
62,Tibia and Fibula Fracture
63,
64,
65,
66,
67,
68,
69,
70,
71,
72,
73,
74,
75,
76,
77,
78,
79,Concussion
80,Bruised Knee
81,Arthroscopie
82,Problems with the left hip flexor
83,
84,
85,
86,Fibula Fracture
87,
88,
89,
90,
91,
92,
93,Overstretching of the syndesmotic ligament
94,
95,
96,
97,
98,
99,
100,
101,
102,
103,Groin Surgery
104,
105,
106,
107,
108,
109,
110,
111,
112,
113,
114,Arch pain
115,Pneumothorax
116,
117,
118,
119,
120,
121,
122,
123,
124,
125,Torn ankle ligament
126,Metatarsal Fracture
127,Torn lateral collateral ligament
128,
129,
130,
131,
132,
133,
134,
135,
136,
137,
138,Torn Ligament
139,Toothache
140,
141,
142,
143,
144,
145,
146,
147,
148,
149,
150,
151,
152,
153,
154,
155,
156,
157,
158,
159,
160,
161,
162,
163,
164,
165,
166,
167,
168,
169,
170,
171,
172,
173,
174,
175,
176,
177,
178,
179,
180,
181,
182,
183,
184,
185,
186,
187,
188,
189,
190,Bruise
191,
192,
193,
194,
195,
196,
197,
198,
199,
200,
201,Cruciate ligament stretch
202,Fractured Finger
203,Calf Problems
204,
205,
206,
207,
208,
209,
210,
211,
212,
213,
214,Midface fracture
215,Cut
216,Back trouble
217,groin strain
218,Knee inflammation 
219,
220,
221,
222,
223,
224,
225,
226,
227,
228,
229,Testicular Cancer
230,
231,
232,
233,
234,
235,
236,
237,
238,
239,
240,Ruptured ankle aigament
241,
242,
243,
244,
245,
246,
247,
248,
249,
250,
251,Muscle Fatigue
252,
253,Ulnar fracture
254,Facial Injury
255,Hamstring Injury
256,Cals Sclerosis
257,
258,
259,
260,
261,
262,
263,
264,
265,
266,
267,Stomach complaints
268,Pelvis Injury
269,
270,
271,
272,
273,
274,
275,
276,
277,
278,
279,Ruptured ligaments
280,Bruise on ankle
281,Partial damage to the cruciate ligament
282,
283,
284,
285,
286,
287,
288,Inguinal Hernia
289,
290,
291,
292,Fractured Arm
293,Foot Injury
294,Cruciate Ligament Rupture
295,Torn Knee Ligament
296,Bone inflammation
297,Sprained ankle
298,
299,
300,
301,
302,
303,
304,
305,
306,
307,
308,
309,
310,
311,
312,
313,
314,
315,
316,
317,Distortion of the ankle
318,Tendonitis
319,
320,
321,
322,
323,
324,
325,
326,
327,
328,
329,Calf muscle strain
330,Tibia Fracture
331,Broken wrist
332,
333,
334,Sideband tear in the knee
335,
336,
337,
338,
339,
340,
341,
342,Fractured Skull
343,Medial Collateral Ligament Injury
344,
345,
346,
347,
348,
349,Calf Injury
350,
351,
352,
353,
354,Tear in the abductor muscle
355,
356,
357,
358,
359,
360,
361,
362,Fitness
363,
364,
365,
366,
367,
368,
369,
370,
371,
372,
373,
374,
375,
376,
377,Knock
378,Herniated Disc
379,Lumbago
380,
381,
382,
383,
384,
385,
386,
387,
388,
389,
390,Ruptured knee ligament
391,Head Injury
392,Cheek bone contusion
393,Fractured Leg
394,Ruptured syndesmotic ligament
395,tendon irritation
396,Vertebra injury
397,Cervical spine injury
398,Pubis bone irritation
399,
400,
401,
402,
403,
404,
405,
406,
407,
408,
409,Intraarticular ligament fissure
410,Neck Injury
411,Ankle Fracture
412,
413,
414,
415,
416,
417,
418,
419,
420,
421,
422,Knee Injury
423,Torn knee ligament
424,Ruptured intraarticular ligament initiation in knee
425,Forearm Fracture
426,Ruptured lateral collateral ligament
427,
428,
429,
430,
431,
432,
433,
434,
435,
436,
437,
438,
439,
440,
441,
442,
443,
444,
445,
446,
447,Ankle problems
448,Medial Collateral Ligament Knee Injury
449,
450,
451,Surgery
452,
453,
454,
455,
456,
457,
458,
459,
460,
461,
462,
463,
464,
465,
466,Bruised Ankle
467,
468,
469,
470,
471,
472,
473,
474,
475,
476,
477,Acromioclavicular Separation
478,Hand Injury
479,
480,
481,
482,
483,
484,
485,
486,
487,
488,
489,
490,
491,
492,
493,
494,
495,
496,
497,
498,
499,
500,Mensical Laceration
501,
502,
503,
504,
505,
506,
507,
508,Pubis bone contusion
509,Achilles tendon problems
510,Tooth Inflammation
511,Edema in the knee
512,
513,
514,
515,
516,
517,
518,
519,
520,
521,
522,Influenza
523,Virus Infection
524,
525,
526,
527,
528,
529,
530,
531,
532,
533,
534,
535,
536,
537,
538,Strain
539,
540,
541,
542,
543,
544,
545,
546,
547,
548,
549,
550,
551,
552,
553,
554,
555,
556,
557,Dead Leg
558,Fractured Jaw
559,
560,
561,
562,
563,
564,
565,
566,
567,
568,
569,Meniscus Damage
570,Tibial plateau contusion
571,Ruptured cruciate ligament
572,Thigh Problems
573,Back bruise
574,
575,
576,
577,
578,
579,
580,
581,
582,
583,
584,Bursitis
585,Thigh muscle rupture
586,Fractured Eye Socket
587,
588,
589,
590,
591,
592,
593,
594,
595,
596,
597,Torn Meniscus
598,Toe Injury
599,Ligament Injury
600,
601,
602,
603,
604,
605,
606,
607,
608,
609,
610,
611,
612,
613,
614,
615,
616,
617,
618,
619,
620,Fracture
621,
622,
623,
624,
625,
626,
627,
628,
629,
630,
631,Fractured Toe
632,Adductor problems
633,
634,
635,
636,
637,
638,
639,
640,
641,
642,
643,Torn Collateral Ligament
644,Bone buckling
645,Overstretching
646,
647,
648,
649,
650,
651,
652,
653,
654,
655,
656,
657,
658,
659,
660,
661,
662,
663,
664,
665,
666,
667,
668,
669,
670,
671,
672,
673,Ruptured ankle ligament
674,Thumb Injury
675,Achilles Irritation
676,Sideband strain in the knee
677,Peroneus tendon injury
678,
679,
680,
681,
682,Shinbone injury
683,
684,
685,
686,
687,
688,Problems with the hip flexor
689,Bronchitis
690,Bruised Rib
691,
692,
693,
694,
695,
696,
697,
698,
699,
700,
701,Hip Injury
702,Allergic Reaction
703,Collapsed Lung
704,Tendon crack
705,Appendicitis
706,Meniscal Injury
707,
708,
709,
710,
711,
712,
713,
714,
715,
716,
717,
718,
719,
720,
721,
722,
723,
724,
725,Fractured Hand
726,
727,Appendectomy
728,
729,
730,
731,
732,
733,
734,
735,
736,
737,
738,
739,
740,
741,
742,
743,
744,
745,
746,
747,
748,Facial Fracture
749,Infection
750,Leg Injury
751,
752,
753,
754,
755,
756,
757,
758,
759,
760,
761,
762,
763,
764,
765,
766,
767,
768,
769,
770,
771,
772,
773,
774,
775,
776,
777,
778,
779,
780,
781,Calf Strain
782,laceration
783,Torn Muscle Fibre
784,Sprain
785,Heel pain
786,Femoral Fracture
787,
788,
789,
790,
791,
792,
793,
794,
795,
796,
797,Tear in a joint capsule
798,Rest 
799,Stretched Ligament
800,Collarbone fracture
801,Double Torn Ligament
802,
803,
804,
805,
806,
807,
808,
809,
810,
811,
812,
813,
814,
815,
816,
817,
818,
819,
820,
821,Back Injury
822,Meniscus irritation
823,
824,
825,
826,
827,
828,
829,
830,
831,
832,
833,Inflamed head of fibula
834,
835,
836,
837,
838,
839,
840,
841,Muscle partial avulsion
842,
843,
844,Achilles tendon rupture
845,Medial Collateral Ligament Tear
846,Hairline crack in the foot
847,
848,
849,
850,
851,
852,
853,
854,
855,
856,
857,Heart Condition
858,Muscle bruise
859,
860,
861,
862,
863,
864,
865,
866,
867,
868,
869,Patella tendon luxation
870,Plantar fascia
871,Ill
872,Groin Injury
873,Blockade in the spinal
874,Elbow Injury
875,
876,
877,
878,
879,
880,
881,
882,
883,
884,
885,Fibula shaft fractures
886,Ligament Problems
887,Groin Strain
888,Twisted knee
889,Cheekbone Fracture
890,Ankle Injury
891,Brustverletzung
892,Ruptured sideband in the ankle
893,
894,
895,
896,
897,
898,
899,
900,
901,
902,
903,Torn muscle bundle
904,Bruised Hip
905,
906,
907,
908,
909,
910,
911,
912,
913,
914,
915,Cruciate Ligament Surgery
916,Pubitis
917,Achilles tendon surgery
918,Mononucleosis
919,
920,
921,
922,
923,
924,
925,
926,
927,
928,
929,Heel Bone Injury
930,Contracture
931,Inflammation
932,Syndesmotic ligament tear
933,Injury to the ankle
934,Shin bone bruise
935,Abdominal Influenza
936,Fever
937,Adductors avulsion
938,Abdominal Strain
939,Flu
940,Knee Problems
941,Problems with the right hip flexor
942,Patella problems
943,Strain in the thigh and gluteal muscles
944,
945,
946,
947,
948,
949,
950,
951,
952,
953,
954,Sprained Ankle
955,
956,
957,
958,
959,
960,
961,
962,
963,
964,
965,Cartilage Damage
966,Thigh Muscle Strain
967,Insect bite
968,capsular tear
969,Pulled hamstring at the adductors
970,Knee Surgery
971,Dental Surgery
972,Intraarticular ligament crack in the ankle
973,
974,
975,
976,
977,
978,
979,
980,
981,
982,
983,
984,
985,
986,
987,
988,
989,
990,
991,
992,
993,
994,
995,
996,
997,
998,
999,
1000,
1001,
1002,Patella rupture
1003,
1004,
1005,
1006,
1007,
1008,
1009,
1010,
1011,
1012,
1013,Abdominal muscles injury
1014,
1015,
1016,
1017,
1018,
1019,
1020,
1021,
1022,
1023,
1024,Contused laceration
1025,
1026,
1027,
1028,
1029,
1030,
1031,
1032,
1033,
1034,
1035,Unknown Injury
1036,Gastric problems
1037,Tonsillitis
1038,Eye Injury
1039,Bone Bruise
1040,
1041,
1042,
1043,
1044,
1045,
1046,
1047,
1048,
1049,Shoulder fracture
1050,Lumbar Vertebra Fracture
1051,
1052,Fractured Thumb
1053,
1054,
1055,
1056,
1057,
1058,
1059,
1060,
1061,
1062,
1063,
1064,
1065,
1066,
1067,
1068,
1069,
1070,
1071,Metatarsal bone bruise
1072,Nose surgery
1073,Fractured Rib
1074,sprain
1075,
1076,
1077,
1078,
1079,
1080,
1081,
1082,
1083,
1084,
1085,
1086,
1087,
1088,
1089,
1090,
1091,
1092,
1093,
1094,
1095,Capsular rupture in the ankle
1096,Wirst Injury
1097,Finger Injury
1098,
1099,
1100,
1101,
1102,
1103,
1104,
1105,
1106,
1107,
1108,Shoulder Injury
1109,Patella tendon irritation
1110,Nose Injury
1111,Tarsal Rupture
1112,
1113,
1114,
1115,
1116,
1117,
1118,
1119,
1120,
1121,
1122,
1123,
1124,
1125,
1126,
1127,
1128,
1129,
1130,
1131,
1132,Cruciate Ligament Injury
1133,Pubalgia
1134,Cruciate Ligament Strain
1135,Biceps femoris muscle injury
1136,
1137,
1138,
1139,
1140,
1141,
1142,
1143,
1144,
1145,
1146,
1147,
1148,
1149,
1150,
1151,
1152,
1153,
1154,
1155,
1156,Kidney problems
1157,
1158,
1159,
1160,
1161,
1162,
1163,
1164,
1165,
1166,
1167,
1168,
1169,
1170,
1171,
1172,
1173,
1174,
1175,
1176,
1177,Torn Muscle
1178,Muscular problems
1179,
1180,
1181,
1182,
1183,
1184,
1185,
1186,
1187,
1188,
1189,Disrupted Calf Muscle
1190,Periostitis
1191,Ankle Surgery
1192,Sideband injury
1193,Hand fracture
1194,Neck bruise
1195,Stiffness
1196,Flesh Wound
1197,
1198,
1199,
1200,
1201,
1202,
1203,
1204,
1205,
1206,
1207,Nasal Bone Fracture
1208,Cold
1209,Fractured Foot
1210,
1211,
1212,
1213,
1214,
1215,
1216,
1217,
1218,
1219,
1220,Angina
1221,Fractured Kneecap
1222,Minor Knock
1223,Foot surgery
1224,Rupture of Outer Meniscus
1225,Muscle Injury
1226,
1227,
1228,
1229,
1230,
1231,
1232,
1233,
1234,
1235,
1236,Quarantine
1237,
1238,
1239,
1240,
1241,
1242,
1243,
1244,
1245,
1246,
1247,Dislocation of the patella
1248,Fatigue fracture
1249,Cervical Fracture
